<?xml version="1.0" encoding="utf-8"?>

<mule 
	xmlns="http://www.mulesoft.org/schema/mule/core"
	xmlns:xsi="http://www.w3.org/2001/XMLSchema-instance"
	xmlns:spring="http://www.springframework.org/schema/beans"
	xmlns:doc="http://www.mulesoft.org/schema/mule/documentation"
	xmlns:vm="http://www.mulesoft.org/schema/mule/vm"
	xmlns:cxf="http://www.mulesoft.org/schema/mule/cxf"
	xmlns:jms="http://www.mulesoft.org/schema/mule/jms"
	xmlns:http="http://www.mulesoft.org/schema/mule/http"
	xmlns:scripting="http://www.mulesoft.org/schema/mule/scripting"
	xsi:schemaLocation="
http://www.mulesoft.org/schema/mule/http http://www.mulesoft.org/schema/mule/http/current/mule-http.xsd 
http://www.mulesoft.org/schema/mule/cxf http://www.mulesoft.org/schema/mule/cxf/current/mule-cxf.xsd 
http://www.mulesoft.org/schema/mule/jms http://www.mulesoft.org/schema/mule/jms/current/mule-jms.xsd 
http://www.springframework.org/schema/beans http://www.springframework.org/schema/beans/spring-beans-current.xsd 
http://www.mulesoft.org/schema/mule/core http://www.mulesoft.org/schema/mule/core/current/mule.xsd 
http://www.mulesoft.org/schema/mule/vm http://www.mulesoft.org/schema/mule/vm/current/mule-vm.xsd 
http://www.muleforge.org/smooks/schema/mule-module-smooks http://dist.muleforge.org/smooks/schema/mule-module-smooks/1.3/mule-module-smooks.xsd 
http://www.mulesoft.org/schema/mule/json http://www.mulesoft.org/schema/mule/json/current/mule-json.xsd 
http://www.mulesoft.org/schema/mule/scripting http://www.mulesoft.org/schema/mule/scripting/current/mule-scripting.xsd "
 version="EE-3.3.1">
    
    <custom-transformer class="org.soitoolkit.commons.mule.log.LogTransformer" name="logWarning">
		<spring:property name="logType"     value="resend-warning"/>
		<spring:property name="logLevel"    value="WARNING"/>
        <spring:property name="jaxbContext" ref="jaxbContext"/>
    </custom-transformer>

    <custom-transformer class="org.soitoolkit.commons.mule.log.LogTransformer" name="logError">
		<spring:property name="logType"     value="resend-error"/>
		<spring:property name="logLevel"    value="ERROR"/>
        <spring:property name="jaxbContext" ref="jaxbContext"/>
    </custom-transformer>

<!-- 
	xmlns:st-logger="http://www.mulesoft.org/schema/mule/st-logger" 
http://www.mulesoft.org/schema/mule/st-logger http://www.mulesoft.org/schema/mule/st-logger/current/mule-st-logger.xsd 
    <st-logger:config name="St_Logger" doc:name="St Logger"/>
 -->

	<flow name="process-notification-flow" doc:name="process-notification-flow">

		<http:inbound-endpoint 
			doc:name="Inbound"
            connector-ref="soitoolkit-http-connector"
			address="${PROCESS-NOTIFICATION_INBOUND_URL}"
			exchange-pattern="request-response"
			transformer-refs="objToStr logReqIn"
			responseTransformer-refs="createSoapFaultIfException logRespOut">		</http:inbound-endpoint>
		<cxf:proxy-service  			service="ProcessNotificationResponderService"            wsdlLocation="classpath:/schemas/TD_ENGAGEMENTINDEX_1_0_R/interactions/ProcessNotificationInteraction/ProcessNotificationInteraction_1.0_RIVTABP21.wsdl"
			namespace="urn:riv:itintegration:engagementindex:ProcessNotification:1:rivtabp21" doc:name="SOAP">		</cxf:proxy-service>

        <response>
            <custom-transformer doc:name="Create Response" class="se.skltp.agp.ei.processnotification.ProcessNotificationResponseTransformer"/>
        </response>
        
        <custom-transformer doc:name="Extract Request" class="se.skltp.agp.ei.processnotification.ProcessNotificationRequestTransformer">
            <spring:property name="eiServiceDomain" value="${EI_SERVICE_DOMAIN}" />
            <spring:property name="eiCategorization" value="${EI_CATEGORIZATION}" />
        </custom-transformer>
		<jms:outbound-endpoint doc:name="jms://processNotification" connector-ref="soitoolkit-jms-connector" queue="${PROCESS_NOTIFICATION_QUEUE}" transformer-refs="objToStr strToJms logReqOut" /> 
 <!-- 
 		<custom-exception-strategy class="org.soitoolkit.commons.mule.error.ServiceExceptionStrategy"/>
 -->
	</flow>


    <flow name="update-cache-flow" doc:name="update-cache-flow">

        <jms:inbound-endpoint doc:name="jms://processNotification" queue="${PROCESS_NOTIFICATION_QUEUE}" connector-ref="soitoolkit-jms-connector" transformer-refs="logMsgIn jmsToStr" >
<!-- 
            <jms:transaction action="ALWAYS_BEGIN"/>
 -->
        </jms:inbound-endpoint>

<!-- 
        <response>
            <custom-transformer doc:name="Update Cache" class="se.skltp.agp.ei.processnotification.UpdateCacheTransformer"/>
        </response>
 -->

        <custom-transformer doc:name="Request List Transformer" class="se.skltp.agp.ei.processnotification.ProcessNotificationRequestListTransformer" />

		<flow-ref name="request-reply-flow" doc:name="request-reply-flow"/>

        <custom-transformer doc:name="Update Cache" class="se.skltp.agp.ei.processnotification.UpdateCacheTransformer"/>

	    <rollback-exception-strategy maxRedeliveryAttempts="${SOITOOLKIT_MULE_AMQ_MAX_REDELIVERIES}">
	
			<transformer ref="logWarning" doc:name="Log Warning" />
<!-- 
	        <st-logger:log-warning config-ref="St_Logger" doc:name="Log warning" message="Send failed, will retry in ${SOITOOLKIT_MULE_AMQ_REDELIVERY_DELAY} ms."/>
 -->
	
	        <on-redelivery-attempts-exceeded doc:name="Redelivery exhausted">
	
				<transformer ref="logError" doc:name="Log Error" />
<!-- 
		        <st-logger:log-error config-ref="St_Logger" doc:name="Log error" message="Exceeded max no of retries, place payload on DLQ: ${${PROCESS-NOTIFICATION_QUEUE_DLQE}}"/>
 -->
	            <jms:outbound-endpoint queue="${PROCESS-NOTIFICATION_QUEUE_DLQ}" connector-ref="soitoolkit-jms-connector" transformer-refs="strToJms logMsgOut" doc:name="jms://processNotification.DLQ">
	                <jms:transaction action="ALWAYS_JOIN"/>
	            </jms:outbound-endpoint>
	    
	        </on-redelivery-attempts-exceeded>
	
	    </rollback-exception-strategy>
    </flow>

</mule>