<?xml version="1.0" encoding="utf-8"?>
<!--

    Copyright (c) 2013 Center for eHalsa i samverkan (CeHis).
    							<http://cehis.se/>

    This file is part of SKLTP.

    This library is free software; you can redistribute it and/or
    modify it under the terms of the GNU Lesser General Public
    License as published by the Free Software Foundation; either
    version 2.1 of the License, or (at your option) any later version.

    This library is distributed in the hope that it will be useful,
    but WITHOUT ANY WARRANTY; without even the implied warranty of
    MERCHANTABILITY or FITNESS FOR A PARTICULAR PURPOSE.  See the GNU
    Lesser General Public License for more details.

    You should have received a copy of the GNU Lesser General Public
    License along with this library; if not, write to the Free Software
    Foundation, Inc., 51 Franklin Street, Fifth Floor, Boston, MA  02110-1301  USA

-->
<mule xmlns:xsi="http://www.w3.org/2001/XMLSchema-instance"
    xmlns:https="http://www.mulesoft.org/schema/mule/https"
    xmlns:cxf="http://www.mulesoft.org/schema/mule/cxf"
    xmlns="http://www.mulesoft.org/schema/mule/core"
    xmlns:spring="http://www.springframework.org/schema/beans"
    xsi:schemaLocation="
		http://www.springframework.org/schema/beans	http://www.springframework.org/schema/beans/spring-beans-current.xsd
		http://www.mulesoft.org/schema/mule/core	http://www.mulesoft.org/schema/mule/core/current/mule.xsd
		http://www.mulesoft.org/schema/mule/https	http://www.mulesoft.org/schema/mule/https/current/mule-https.xsd
		http://www.mulesoft.org/schema/mule/cxf		http://www.mulesoft.org/schema/mule/cxf/current/mule-cxf.xsd
	" >

    <flow name="PingForConfiguration-rivtabp21-flow" >

        <inbound-endpoint
	            name="PingForConfigurationResponderRivtabp21Service"
	            address="${PINGFORCONFIGURATIONSERVICE_RIVTABP21_INBOUND_ENDPOINT}"
	            exchange-pattern="request-response"
	            responseTransformer-refs="filterResponseHeaders logRespOut" 
	            transformer-refs="logReqIn">
	            <properties>
                    <spring:entry key="featureResponseTimeout" value="${feature.featureresponsetimeout.urn.riv.itintegration.monitoring.PingForConfigurationResponder.1:${SERVICE_TIMEOUT_MS}}"/>
                </properties>
	    </inbound-endpoint>
 
        <cxf:jaxws-service
            namespace="urn:riv:itintegration:monitoring:PingForConfiguration:1:rivtabp21"
            serviceClass="se.skl.tp.vp.pingforconfiguration.PingForConfigurationProducerRivTa21"
            wsdlLocation="classpath:/TD_MONITORING_1_0_0/interactions/PingForConfigurationInteraction/PingForConfigurationInteraction_1.0_RIVTABP21.wsdl" />
  
       <component>
            <singleton-object class="se.skl.tp.vp.pingforconfiguration.PingForConfigurationProducerRivTa21" />
        </component>
    </flow>

</mule>
