<?xml version="1.0" encoding="UTF-8" ?>
<!DOCTYPE log4j:configuration SYSTEM "log4j.dtd">

<log4j:configuration>

	<appender name="CONSOLE" class="org.apache.log4j.ConsoleAppender">
		<param name="Target" value="System.out" />
		<layout class="org.apache.log4j.PatternLayout">
			<param name="ConversionPattern" value="%d %-5p %-30c - %m%n" />
		</layout>
	</appender>

    <appender name="ROLLINGFILE" class="org.apache.log4j.RollingFileAppender">
        <param name="file" value="${mule.home}/logs/mule-app-GetAggregatedSubjectOfCareSchedule.log" />
        <param name="MaxFileSize" value="1000KB" />
        <param name="MaxBackupIndex" value="3" />
        <layout class="org.apache.log4j.PatternLayout">
            <param name="ConversionPattern" value="%d %-5p %-30c - %m%n" />
        </layout> 
    </appender>
    
     <!-- For PingForConfiguration logging only -->
    <appender name="ROLLINGFILE_MONITORING" class="org.apache.log4j.RollingFileAppender">
        <param name="file" value="${mule.home}/logs/mule-app-GetAggregatedSubjectOfCareSchedule-monitoring.log" />
        <param name="MaxFileSize" value="1000KB" />
        <param name="MaxBackupIndex" value="3" />
        <layout class="org.apache.log4j.PatternLayout">
            <param name="ConversionPattern" value="%d %-5p %-30c - %m%n" />
        </layout>
    </appender>

	<!--
		Loglevels: {OFF, FATAL, ERROR, WARN, INFO, DEBUG, TRACE, ALL} See:
		http://logging.apache.org/log4j/1.2/apidocs/org/apache/log4j/Level.html
	-->

	<logger name="org.mockftpserver">
		<level value="ERROR" />
	</logger>
	
	<logger name="org.apache.sshd">
		<level value="ERROR" />
	</logger>	

    <logger name="org.apache.activemq.transport.failover.FailoverTransport">
        <level value="DEBUG" />
    </logger>
    
	<logger name="org.springframework.beans.factory.config.PropertyPlaceholderConfigurer">
		<level value="TRACE" />
	</logger>

	<logger name="org.springframework.core.io.support.PropertiesLoaderSupport">
		<level value="INFO" />
	</logger>

	<logger name="org.springframework.beans.factory.xml.XmlBeanDefinitionReader">
		<level value="INFO" />
	</logger>

	<logger name="org.mule.model.seda">
		<level value="INFO" />
	</logger>
	<logger name="org.mule.MuleServer">
		<level value="INFO" />
	</logger>
	<logger name="org.mule.DefaultMuleContext">
		<level value="INFO" />
	</logger>

    <!-- Message logging using the old Mule <logger/> - element -->
    <logger name="org.mule.api.processor.LoggerMessageProcessor">
        <level value="INFO" />
    </logger>

    <!-- Message logging using the old Mule <log-component/> - element -->
    <logger name="org.mule.component.simple.LogComponent">
        <level value="INFO" />
    </logger>

    <!-- Message logging using soi-toolkit LogTransformer class -->
	<logger name="org.soitoolkit.commons.mule.messageLogger">
		<level value="INFO" />
	</logger>
	
	<!-- Monitoring logs to separate log file, additivity makes sure not logged twice -->
    <logger name="se.skltp.agp.monitoring" additivity="false">
        <level value="INFO" />
        <appender-ref ref="ROLLINGFILE_MONITORING"/>
    </logger>

	<root>
		<priority value="WARN" />

        <appender-ref ref="ROLLINGFILE"/>
		<!--
        <appender-ref ref="CONSOLE" />
		-->
	</root>
</log4j:configuration>