<tns:GetAllTimeTypesResponse xmlns:tns="urn:riv:crm:scheduling:GetAllTimeTypesResponder:1" xmlns:tns1="urn:riv:crm:scheduling:1" xmlns:xsi="http://www.w3.org/2001/XMLSchema-instance" xsi:schemaLocation="urn:riv:crm:scheduling:GetAllTimeTypesResponder:1 GetAllTimeTypesResponder_1.0.xsd ">
  <tns:ListOfTimeTypes>
    <tns1:timeTypeName>tns1:timeTypeName</tns1:timeTypeName>
    <tns1:timeTypeId>tns1:timeTypeId</tns1:timeTypeId>
  </tns:ListOfTimeTypes>
   <tns:ListOfTimeTypes>
    <tns1:timeTypeName>tns1:timeTypeName</tns1:timeTypeName>
    <tns1:timeTypeId>tns1:timeTypeId</tns1:timeTypeId>
  </tns:ListOfTimeTypes> 
</tns:GetAllTimeTypesResponse>
