<?xml version="1.0" encoding="UTF-8"?>
<mule 
	xmlns="http://www.mulesoft.org/schema/mule/core"
	xmlns:xsi="http://www.w3.org/2001/XMLSchema-instance"
	xmlns:spring="http://www.springframework.org/schema/beans"
    xsi:schemaLocation="
    	http://www.mulesoft.org/schema/mule/core http://www.mulesoft.org/schema/mule/core/current/mule.xsd
		http://www.springframework.org/schema/beans    http://www.springframework.org/schema/beans/spring-beans-current.xsd
    ">

	<!-- EI mule-backend-app flows -->
    <spring:beans>
        <spring:import resource="classpath:skltp-ei-svc-spring-context.xml"/>
        <spring:import resource="classpath:ei-common.xml"/>
        <spring:import resource="classpath:process-service.xml"/>
        <spring:import resource="classpath:find-content-service.xml"/>
        <spring:import resource="classpath:get-logical-addressees-service.xml"/>
        <spring:import resource="classpath:PingForConfiguration-rivtabp21-service-checkdb.xml"/>
    </spring:beans>

</mule>

