<?xml version="1.0" encoding="utf-8"?>
<!--

    Copyright (c) 2013 Center for eHalsa i samverkan (CeHis).
    							<http://cehis.se/>

    This file is part of SKLTP.

    This library is free software; you can redistribute it and/or
    modify it under the terms of the GNU Lesser General Public
    License as published by the Free Software Foundation; either
    version 2.1 of the License, or (at your option) any later version.

    This library is distributed in the hope that it will be useful,
    but WITHOUT ANY WARRANTY; without even the implied warranty of
    MERCHANTABILITY or FITNESS FOR A PARTICULAR PURPOSE.  See the GNU
    Lesser General Public License for more details.

    You should have received a copy of the GNU Lesser General Public
    License along with this library; if not, write to the Free Software
    Foundation, Inc., 51 Franklin Street, Fifth Floor, Boston, MA  02110-1301  USA

-->
<mule xmlns:xsi="http://www.w3.org/2001/XMLSchema-instance"
	xmlns:spring="http://www.springframework.org/schema/beans" xmlns="http://www.mulesoft.org/schema/mule/core"
	xsi:schemaLocation="
		http://www.springframework.org/schema/beans	http://www.springframework.org/schema/beans/spring-beans-current.xsd
		http://www.mulesoft.org/schema/mule/core	http://www.mulesoft.org/schema/mule/core/current/mule.xsd
	">

	<spring:bean id="resetHsaCacheComponent" class="se.skl.tp.vp.vagvalagent.ResetHsaCache">
		<spring:property name="hsaCache" ref="hsaCache" />
		<spring:property name="hsaFiles" value="${HSA_FILES}"/>
	</spring:bean>

	<flow name="resetHsaCache-flow">

		<inbound-endpoint address="${RESETHSACACHE_INBOUND_URL}"
			responseTimeout="${RESETHSACACHE_TIMEOUT_MS}" connector-ref="VPInsecureConnector" />

		<component>
			<spring-object bean="resetHsaCacheComponent" />
		</component>
	</flow>

</mule>
