<?xml version="1.0" encoding="UTF-8"?>
<tns:GetAllPerformers xmlns:tns="urn:riv:crm:scheduling:GetAllPerformersResponder:1" xmlns:tns1="urn:riv:crm:scheduling:1" xmlns:tns2="urn:riv:crm:scheduling:1.1" xmlns:xsi="http://www.w3.org/2001/XMLSchema-instance" xsi:schemaLocation="urn:riv:crm:scheduling:GetAllPerformersResponder:1 GetAllPerformersResponder_1.1.xsd ">
  <tns:healthcare_facility>tns:healthcare_facility</tns:healthcare_facility>
  <tns:timeTypeIDs>tns:timeTypeIDs</tns:timeTypeIDs>
  <tns:careTypeIDs>tns:careTypeIDs</tns:careTypeIDs>
  <tns:subject_of_care>tns:subject_of_care</tns:subject_of_care>
</tns:GetAllPerformers>
