<?xml version="1.0" encoding="UTF-8"?>
<tns:UpdateBooking xmlns:tns="urn:riv:crm:scheduling:UpdateBookingResponder:1" xmlns:tns1="urn:riv:crm:scheduling:1" xmlns:tns2="urn:riv:crm:scheduling:1.1" xmlns:xsi="http://www.w3.org/2001/XMLSchema-instance" xsi:schemaLocation="urn:riv:crm:scheduling:UpdateBookingResponder:1 UpdateBookingResponder_1.1.xsd ">
  <tns:requestedTimeslot>
    <tns1:startTimeInclusive>tns1:startTimeInclusive</tns1:startTimeInclusive>
    <tns1:endTimeExclusive>tns1:endTimeExclusive</tns1:endTimeExclusive>
    <tns1:healthcare_facility>tns1:healthcare_facility</tns1:healthcare_facility>
    <tns1:performer>tns1:performer</tns1:performer>
    <tns1:bookingId>tns1:bookingId</tns1:bookingId>
    <tns1:subject_of_care>tns1:subject_of_care</tns1:subject_of_care>
    <tns1:purpose>tns1:purpose</tns1:purpose>
    <tns1:reason>tns1:reason</tns1:reason>
    <tns1:resourceName>tns1:resourceName</tns1:resourceName>
    <tns1:healthcare_facility_name>tns1:healthcare_facility_name</tns1:healthcare_facility_name>
    <tns1:performerName>tns1:performerName</tns1:performerName>
    <tns1:resourceID>tns1:resourceID</tns1:resourceID>
    <tns1:timeTypeName>tns1:timeTypeName</tns1:timeTypeName>
    <tns1:timeTypeID>tns1:timeTypeID</tns1:timeTypeID>
    <tns1:careTypeName>tns1:careTypeName</tns1:careTypeName>
    <tns1:careTypeID>tns1:careTypeID</tns1:careTypeID>
    <tns1:cancel_booking_allowed>true</tns1:cancel_booking_allowed>
    <tns1:rebooking_allowed>true</tns1:rebooking_allowed>
    <tns1:message_allowed>true</tns1:message_allowed>
    <tns2:isInvitation>true</tns2:isInvitation>
  </tns:requestedTimeslot>
  <tns:subject_of_care_info>
    <tns1:phone>tns1:phone</tns1:phone>
    <tns1:email>tns1:email</tns1:email>
    <tns1:address>tns1:address</tns1:address>
    <tns1:coaddress>tns1:coaddress</tns1:coaddress>
    <tns2:firstName>tns2:firstName</tns2:firstName>
    <tns2:middleName>tns2:middleName</tns2:middleName>
    <tns2:lastName>tns2:lastName</tns2:lastName>
  </tns:subject_of_care_info>
  <tns:notification>tns:notification</tns:notification>
</tns:UpdateBooking>
