<?xml version="1.0" encoding="UTF-8"?>
<tns:GetAllCareTypes xmlns:tns="urn:riv:crm:scheduling:GetAllCareTypesResponder:1" xmlns:tns1="urn:riv:crm:scheduling:1" xmlns:tns2="urn:riv:crm:scheduling:1.1" xmlns:xsi="http://www.w3.org/2001/XMLSchema-instance" xsi:schemaLocation="urn:riv:crm:scheduling:GetAllCareTypesResponder:1 GetAllCareTypesResponder_1.1.xsd ">
  <tns:healthcare_facility>tns:healthcare_facility</tns:healthcare_facility>
  <tns:timeTypeIDs>tns:timeTypeIDs</tns:timeTypeIDs>
  <tns:performer>tns:performer</tns:performer>
  <tns:subject_of_care>tns:subject_of_care</tns:subject_of_care>
</tns:GetAllCareTypes>
