<?xml version="1.0" encoding="UTF-8"?>
<!--

    Copyright (c) 2013 Center for eHalsa i samverkan (CeHis).
    							<http://cehis.se/>

    This file is part of SKLTP.

    This library is free software; you can redistribute it and/or
    modify it under the terms of the GNU Lesser General Public
    License as published by the Free Software Foundation; either
    version 2.1 of the License, or (at your option) any later version.

    This library is distributed in the hope that it will be useful,
    but WITHOUT ANY WARRANTY; without even the implied warranty of
    MERCHANTABILITY or FITNESS FOR A PARTICULAR PURPOSE.  See the GNU
    Lesser General Public License for more details.

    You should have received a copy of the GNU Lesser General Public
    License along with this library; if not, write to the Free Software
    Foundation, Inc., 51 Franklin Street, Fifth Floor, Boston, MA  02110-1301  USA

-->
<mule 
	xmlns="http://www.mulesoft.org/schema/mule/core"
	xmlns:xsi="http://www.w3.org/2001/XMLSchema-instance"
	xmlns:spring="http://www.springframework.org/schema/beans"
	xsi:schemaLocation="
		http://www.springframework.org/schema/beans	http://www.springframework.org/schema/beans/spring-beans-current.xsd
		http://www.mulesoft.org/schema/mule/core	http://www.mulesoft.org/schema/mule/core/current/mule.xsd
	">

    <spring:beans>
	    <!-- Connectors and endpoints that that are specific for different config-files (local unit-test, integration-test or production environments) -->
    	<!-- TODO: Add import of connector specific configuration files here as required -->
    	
    	<!-- 
    		FIX for VP, to be removed when upgrading to soitoolkit 0.6.1
    		
    		To solve the problem that soi-toolkit 0.5.0 definies org.mule.modules.commonretrypolicies that is no longer available.
    		
    		http://grepcode.com/file/repo1.maven.org/maven2/org.soitoolkit.commons.components/soitoolkit-commons-mule/0.5.0/soitoolkit-mule-jms-connector-activemq-external.xml
    		http://grepcode.com/file/repo1.maven.org/maven2/org.soitoolkit.commons.components/soitoolkit-commons-mule/0.6.1/soitoolkit-mule-jms-connector-activemq-external.xml
    				
    		<spring:import resource="classpath:soitoolkit-mule-jms-connector-activemq-external.xml"/>
    	 -->
        <spring:import resource="classpath:soitoolkit-mule-jms-connector-activemq-external-5_0_0-without-mule-commonretrypolicies.xml"/>

        <spring:import resource="classpath:vp-common.xml"/>
<!-- 
        <spring:import resource="classpath*:services/*-service.xml"/>
 -->
        
        <!-- Import virtual services -->
        <spring:import resource="classpath*:tp2-service-mule-descriptor.xml"/>
        
    </spring:beans>

</mule>
